epoch,val_loss,val_accuracy
3.0,0.15573512017726898,0.9752522825564632
